{"cameraMode":{"drawMode":0,"name":"Shaded","section":"Shading Mode"},"sceneLighting":false,"audioPlay":false,"sceneViewState":{"m_AlwaysRefresh":false,"showFog":true,"showSkybox":false,"showFlares":true,"showImageEffects":true,"showParticleSystems":true,"showVisualEffectGraphs":true,"m_FxEnabled":true},"in2DMode":false,"pivot":{"x":9.229218482971192,"y":-2.5964715480804445,"z":22.615232467651368},"rotation":{"x":0.00023038085782900453,"y":-0.999667227268219,"z":0.02399512752890587,"w":0.00959344394505024},"size":1.2469067573547364,"orthographic":false}