{"cameraMode":{"drawMode":0,"name":"Shaded","section":"Shading Mode"},"sceneLighting":false,"audioPlay":false,"sceneViewState":{"m_AlwaysRefresh":false,"showFog":true,"showSkybox":false,"showFlares":true,"showImageEffects":true,"showParticleSystems":true,"showVisualEffectGraphs":true,"m_FxEnabled":true},"in2DMode":false,"pivot":{"x":18.692001342773439,"y":-3.1359922885894777,"z":16.301433563232423},"rotation":{"x":0.0009560254984535277,"y":-0.9883914589881897,"z":0.15180598199367524,"w":0.006223371718078852},"size":1.4660253524780274,"orthographic":false}