{"cameraMode":{"drawMode":0,"name":"Shaded","section":"Shading Mode"},"sceneLighting":false,"audioPlay":false,"sceneViewState":{"m_AlwaysRefresh":false,"showFog":true,"showSkybox":false,"showFlares":true,"showImageEffects":true,"showParticleSystems":true,"showVisualEffectGraphs":true,"m_FxEnabled":true},"in2DMode":false,"pivot":{"x":581.3597412109375,"y":114.57971954345703,"z":8.767692565917969},"rotation":{"x":-0.16120803356170655,"y":-0.15599031746387483,"z":0.024843605235219003,"w":-0.9744258522987366},"size":1.2562344074249268,"orthographic":false}