{"cameraMode":{"drawMode":0,"name":"Shaded","section":"Shading Mode"},"sceneLighting":false,"audioPlay":false,"sceneViewState":{"m_AlwaysRefresh":false,"showFog":true,"showSkybox":false,"showFlares":true,"showImageEffects":true,"showParticleSystems":true,"showVisualEffectGraphs":true,"m_FxEnabled":true},"in2DMode":false,"pivot":{"x":9.134917259216309,"y":-0.6969006061553955,"z":9.517742156982422},"rotation":{"x":-0.0017628570785745979,"y":0.9977973103523254,"z":-0.05933728441596031,"w":-0.029646990820765497},"size":2.8234775066375734,"orthographic":false}