{"cameraMode":{"drawMode":0,"name":"Shaded","section":"Shading Mode"},"sceneLighting":true,"audioPlay":false,"sceneViewState":{"m_AlwaysRefresh":true,"showFog":true,"showSkybox":true,"showFlares":true,"showImageEffects":true,"showParticleSystems":true,"showVisualEffectGraphs":true,"m_FxEnabled":true},"in2DMode":false,"pivot":{"x":23.470409393310548,"y":6.501598358154297,"z":1.4052964448928834},"rotation":{"x":0.22651293873786927,"y":-0.07616454362869263,"z":0.017769325524568559,"w":0.9708674550056458},"size":0.8660253882408142,"orthographic":false}