{"cameraMode":{"drawMode":0,"name":"Shaded","section":"Shading Mode"},"sceneLighting":true,"audioPlay":false,"sceneViewState":{"m_AlwaysRefresh":true,"showFog":true,"showSkybox":true,"showFlares":true,"showImageEffects":true,"showParticleSystems":true,"showVisualEffectGraphs":true,"m_FxEnabled":true},"in2DMode":false,"pivot":{"x":10.229999542236329,"y":-3.180000066757202,"z":20.31999969482422},"rotation":{"x":-0.27894923090934756,"y":0.18219098448753358,"z":-0.055424921214580539,"w":-0.9415034651756287},"size":4.469612121582031,"orthographic":false}