{"cameraMode":{"drawMode":0,"name":"Shaded","section":"Shading Mode"},"sceneLighting":true,"audioPlay":false,"sceneViewState":{"m_AlwaysRefresh":true,"showFog":true,"showSkybox":true,"showFlares":true,"showImageEffects":true,"showParticleSystems":true,"showVisualEffectGraphs":true,"m_FxEnabled":true},"in2DMode":false,"pivot":{"x":-5.875705718994141,"y":-3.5633602142333986,"z":26.465124130249025},"rotation":{"x":-0.04432282596826553,"y":0.7001521587371826,"z":-0.04517342895269394,"w":-0.7115100026130676},"size":10.611882209777832,"orthographic":false}