{"cameraMode":{"drawMode":0,"name":"Shaded","section":"Shading Mode"},"sceneLighting":true,"audioPlay":false,"sceneViewState":{"m_AlwaysRefresh":false,"showFog":true,"showSkybox":true,"showFlares":true,"showImageEffects":true,"showParticleSystems":true,"showVisualEffectGraphs":true,"m_FxEnabled":true},"in2DMode":false,"pivot":{"x":8.706216812133789,"y":-20.599624633789064,"z":24.080448150634767},"rotation":{"x":0.32125911116600039,"y":-0.41848090291023257,"z":0.16161854565143586,"w":0.8341813683509827},"size":24.05292320251465,"orthographic":false}