{"cameraMode":{"drawMode":0,"name":"Shaded","section":"Shading Mode"},"sceneLighting":true,"audioPlay":false,"sceneViewState":{"m_AlwaysRefresh":false,"showFog":true,"showSkybox":true,"showFlares":true,"showImageEffects":true,"showParticleSystems":true,"showVisualEffectGraphs":true,"m_FxEnabled":true},"in2DMode":false,"pivot":{"x":30.510133743286134,"y":6.401983261108398,"z":20.991437911987306},"rotation":{"x":0.18344846367835999,"y":-0.7168770432472229,"z":0.20584677159786225,"w":0.6406063437461853},"size":1.0745618343353272,"orthographic":false}