{"cameraMode":{"drawMode":0,"name":"Shaded","section":"Shading Mode"},"sceneLighting":true,"audioPlay":false,"sceneViewState":{"m_AlwaysRefresh":true,"showFog":true,"showSkybox":true,"showFlares":true,"showImageEffects":true,"showParticleSystems":true,"showVisualEffectGraphs":true,"m_FxEnabled":true},"in2DMode":false,"pivot":{"x":14.565488815307618,"y":-1.1170885562896729,"z":22.616256713867189},"rotation":{"x":-0.20955932140350343,"y":-0.08713807165622711,"z":0.017419850453734399,"w":-0.9740114212036133},"size":10.788238525390625,"orthographic":false}