{"cameraMode":{"drawMode":0,"name":"Shaded","section":"Shading Mode"},"sceneLighting":true,"audioPlay":false,"sceneViewState":{"m_AlwaysRefresh":false,"showFog":true,"showSkybox":true,"showFlares":true,"showImageEffects":true,"showParticleSystems":true,"showVisualEffectGraphs":true,"m_FxEnabled":true},"in2DMode":false,"pivot":{"x":15.197792053222657,"y":-0.8220652341842651,"z":13.299701690673829},"rotation":{"x":0.3047046363353729,"y":-0.18476460874080659,"z":0.06082232668995857,"w":0.9325087070465088},"size":6.629084587097168,"orthographic":false}