{"cameraMode":{"drawMode":0,"name":"Shaded","section":"Shading Mode"},"sceneLighting":true,"audioPlay":false,"sceneViewState":{"m_AlwaysRefresh":true,"showFog":true,"showSkybox":true,"showFlares":true,"showImageEffects":true,"showParticleSystems":true,"showVisualEffectGraphs":true,"m_FxEnabled":true},"in2DMode":false,"pivot":{"x":18.962778091430665,"y":1.8880107402801514,"z":19.455230712890626},"rotation":{"x":-0.20327378809452058,"y":0.634880006313324,"z":-0.17986419796943665,"w":-0.7236937284469605},"size":2.8311879634857179,"orthographic":false}